,state_name,State,District,Population,Confirmed,Deceased,Recovered,Tested,Vaccinated1,Vaccinated2,date
173816,Kerala,KL,Alappuzha,2121943,316160,1862,313515,0,1518055,855411,2020-03-02
320013,Rajasthan,RJ,Sirohi,1037185,13732,79,13653,84616,610090,348789,2020-03-04
117054,Haryana,HR,Charkhi Dadri,502276,5078,139,4939,58525,364599,262184,2020-03-08
189913,Maharashtra,MH,Gondia,1322331,40519,569,39941,130146,888961,469980,2020-03-11
180570,Kerala,KL,Thiruvananthapuram,3307284,463977,4996,448304,436661,2578575,1562343,2020-03-13
191722,Maharashtra,MH,Jalna,1958483,60615,1209,59382,117047,1081253,413822,2020-03-14
320633,Rajasthan,RJ,Tonk,1421711,9498,92,9406,74225,884688,419023,2020-03-16
175669,Kerala,KL,Kannur,2525637,275264,2325,269475,392136,1891004,959656,2020-03-16
429112,West Bengal,WB,Darjeeling,1842034,57143,539,56326,0,1324555,664306,2020-03-17
429707,West Bengal,WB,Hooghly,5520389,86300,990,84650,0,3368156,1343978,2020-03-18
400805,Uttar Pradesh,UP,Lakhimpur Kheri,4013634,24410,292,24117,368533,1829019,382178,2020-03-18
357419,Tamil Nadu,TN,Ramanathapuram,1337560,20564,357,20158,23389,660673,280037,2020-03-21
316990,Rajasthan,RJ,Pali,2038533,27324,287,27037,179463,1200554,513058,2020-03-21
166600,Karnataka,KA,Koppal,1391292,35198,521,34660,8708,814373,411092,2020-03-21
289151,Punjab,PB,Jalandhar,2181753,63396,1496,61864,443735,1433553,681370,2020-03-22
419594,Uttarakhand,UT,Chamoli,391114,12242,62,11972,90390,273850,191420,2020-03-23
167204,Karnataka,KA,Mandya,1808680,73753,650,73029,14874,1189318,659066,2020-03-23
64936,Bihar,BR,Siwan,3318176,15195,170,15025,536438,1670590,684755,2020-03-24
266474,Odisha,OR,Balasore,2317419,40787,299,40389,9843,1351099,534318,2020-03-25
144331,Jammu and Kashmir,JK,Baramulla,1015503,24613,282,24196,0,776258,450002,2020-03-26
214737,Manipur,MN,Jiribam,43818,0,0,0,0,27911,17262,2020-03-26
233020,Madhya Pradesh,MP,Hoshangabad,1240975,10688,99,10570,46294,865566,369945,2020-03-28
7162,Andhra Pradesh,AP,S.P.S. Nellore,2966082,146388,1053,144919,682964,2143402,1403240,2020-03-28
227701,Madhya Pradesh,MP,Chhindwara,2090306,6734,120,6612,79090,1624355,591843,2020-03-28
64942,Bihar,BR,Siwan,3318176,15195,170,15025,536438,1670590,684755,2020-03-30
96252,Gujarat,GJ,Gir Somnath,1217477,8570,67,8499,121948,845224,363467,2020-03-31
403853,Uttar Pradesh,UP,Mainpuri,1847194,10028,182,9846,228496,860461,219990,2020-03-31
268265,Odisha,OR,Boudh,439917,12634,112,12488,496,259325,92297,2020-03-31
335621,Telangana,TG,Narayanpet,566874,0,0,0,0,288388,50219,2020-04-01
343538,Telangana,TG,Yadadri Bhuvanagiri,726465,0,0,0,0,463854,223506,2020-04-01
106909,Gujarat,GJ,Tapi,806489,4441,24,4417,92524,527345,303297,2020-04-01
267077,Odisha,OR,Bargarh,1478833,31126,335,30762,0,829092,283966,2020-04-02
185120,Maharashtra,MH,Amravati,2887826,96231,1594,94618,0,1241168,548807,2020-04-03
11319,Arunachal Pradesh,AR,Capital Complex,21089,0,0,0,115210,0,0,2020-04-03
288565,Punjab,PB,Hoshiarpur,1582793,30822,986,29828,221261,1000636,574716,2020-04-07
257802,Mizoram,MZ,Saitual,56366,471,2,420,0,0,0,2020-04-07
148558,Jammu and Kashmir,JK,Kulgam,422786,11489,117,11367,0,401091,202260,2020-04-08
249580,Madhya Pradesh,MP,Singrauli,1178132,8801,82,8706,0,740335,224966,2020-04-09
296990,Puducherry,PY,Karaikal,200222,16488,250,16150,73142,111152,57491,2020-04-12
130943,Jharkhand,JH,Dhanbad,2682662,16589,382,16196,0,1185934,446946,2020-04-13
242493,Madhya Pradesh,MP,Rajgarh,1546541,8729,172,8490,46604,1025584,450099,2020-04-14
278989,Odisha,OR,Nayagarh,962215,23505,212,23261,1104,593612,222606,2020-04-14
224764,Madhya Pradesh,MP,Betul,1575247,12905,277,12590,68036,1042931,343674,2020-04-15
210669,Meghalaya,ML,West Jaintia Hills,270352,6803,133,6642,0,84529,47646,2020-04-16
307290,Rajasthan,RJ,Dholpur,1207293,11010,48,10962,121308,660103,279501,2020-04-18
112289,Himachal Pradesh,HP,Lahaul and Spiti,31528,2953,18,2935,540,31920,20986,2020-04-18
47880,Bihar,BR,Bhagalpur,3032226,25840,309,25531,582113,1494951,650332,2020-04-18
321276,Rajasthan,RJ,Udaipur,3067549,56405,753,55652,251522,1715072,854773,2020-04-20
203198,Maharashtra,MH,Thane,11060148,610128,11462,597141,1229625,5484839,2751182,2020-04-21
320669,Rajasthan,RJ,Tonk,1421711,9498,92,9406,74225,884688,419023,2020-04-21
364698,Tamil Nadu,TN,Tirupathur,1111812,29301,625,28600,23998,541496,205219,2020-04-21
144358,Jammu and Kashmir,JK,Baramulla,1015503,24613,282,24196,0,776258,450002,2020-04-22
252545,Mizoram,MZ,Aizawl,404054,75111,300,71337,0,315706,239593,2020-04-24
47297,Bihar,BR,Begusarai,2954367,27212,457,26754,213670,1430906,480982,2020-04-24
90357,Gujarat,GJ,Aravalli,1051746,5186,78,5108,122182,717964,522361,2020-04-25
125600,Haryana,HR,Panipat,1202811,31150,638,30510,58863,830805,273172,2020-04-25
140236,Jharkhand,JH,Ranchi,2912022,86116,1585,84495,0,1512114,656001,2020-04-26
427967,West Bengal,WB,Cooch Behar,2822780,29275,97,29060,0,1444232,421663,2020-04-29
380817,Uttar Pradesh,UP,Barabanki,3257983,19850,225,19624,147422,1589704,448292,2020-04-30
261282,Nagaland,NL,Mokokchung,193171,2333,54,2186,3976,69198,54730,2020-05-01
36819,Assam,AS,Karbi Anglong,965280,0,0,0,0,284600,102798,2020-05-01
135601,Jharkhand,JH,Jamtara,790207,5599,61,5534,2880,381155,137216,2020-05-01
231873,Madhya Pradesh,MP,Gwalior,2030543,53106,633,52427,206696,1452149,730150,2020-05-02
247239,Madhya Pradesh,MP,Shajapur,1512353,6349,74,6273,56805,620316,278912,2020-05-02
98654,Gujarat,GJ,Kutch,2090313,12631,145,12474,267060,1412923,680232,2020-05-04
93918,Gujarat,GJ,Dahod,2126558,9955,38,9917,218259,1499052,631818,2020-05-04
369454,Tripura,TR,Khowai,327391,4559,54,4500,24046,202148,111955,2020-05-05
334437,Telangana,TG,Nagarkurnool,893308,0,0,0,0,464888,106589,2020-05-05
25804,Assam,AS,Baksa,953773,0,0,0,0,553967,136574,2020-05-06
354445,Tamil Nadu,TN,Namakkal,1721179,52245,498,51253,24758,987830,397079,2020-05-06
108725,Himachal Pradesh,HP,Bilaspur,382056,14374,85,14120,39738,323204,234916,2020-05-06
349011,Tamil Nadu,TN,Erode,2259608,104303,686,102836,66240,1370925,552624,2020-05-08
59682,Bihar,BR,Patna,5772804,147007,2334,144651,676238,3421614,2366474,2020-05-10
294016,Punjab,PB,S.A.S. Nagar,986147,68821,1068,67726,41532,872096,402212,2020-05-10
392967,Uttar Pradesh,UP,Hamirpur,1104021,5232,102,5130,240382,561456,185949,2020-05-10
264736,Nagaland,NL,Zunheboto,141014,623,15,593,2131,38077,22337,2020-05-11
391150,Uttar Pradesh,UP,Ghazipur,3622727,21641,282,21359,265737,1690195,509886,2020-05-14
129814,Jharkhand,JH,Chatra,1042304,6033,53,5977,0,454807,126700,2020-05-14
1220,Andaman and Nicobar Islands,AN,South Andaman,238142,0,0,0,0,189662,120322,2020-05-15
108734,Himachal Pradesh,HP,Bilaspur,382056,14374,85,14120,39738,323204,234916,2020-05-15
38574,Assam,AS,Lakhimpur,1040644,0,0,0,0,681386,301369,2020-05-16
113511,Himachal Pradesh,HP,Shimla,813384,27549,641,26786,32922,678341,412640,2020-05-16
33934,Assam,AS,Hailakandi,659260,0,0,0,0,422295,146888,2020-05-16
249027,Madhya Pradesh,MP,Sidhi,1126515,9219,87,9132,4660,679862,226632,2020-05-17
73864,Chhattisgarh,CT,Gariaband,597653,19701,194,19506,2096,293987,99137,2020-05-20
218902,Manipur,MN,Tamenglong,140143,0,0,0,0,19931,10361,2020-05-21
106367,Gujarat,GJ,Surendranagar,1755873,8121,136,7985,201153,1113845,715931,2020-05-21
285602,Punjab,PB,Faridkot,618008,13927,315,13602,23635,330654,128653,2020-05-24
426804,West Bengal,WB,Bankura,3596292,36313,274,35839,0,2245147,706177,2020-05-24
149206,Jammu and Kashmir,JK,Kupwara,875564,14463,166,14268,0,673594,348327,2020-05-24
423233,Uttarakhand,UT,Pithoragarh,485993,10260,181,9962,72686,318644,183765,2020-05-25
170879,Karnataka,KA,Tumakuru,2681449,120836,1127,119420,106564,1672730,881580,2020-05-25
115919,Haryana,HR,Ambala,1136784,30150,509,29639,206003,873020,571772,2020-05-26
647,Andaman and Nicobar Islands,AN,North and Middle Andaman,105597,0,0,0,0,78945,59522,2020-05-27
264178,Nagaland,NL,Wokha,166239,402,11,361,1390,35138,23577,2020-05-27
169076,Karnataka,KA,Raichur,1924773,39973,331,39641,21011,1021603,448501,2020-05-28
136788,Jharkhand,JH,Koderma,717169,12872,136,12736,0,363078,140609,2020-05-28
356279,Tamil Nadu,TN,Pudukkottai,1918725,30183,416,29627,20835,827320,314780,2020-05-28
342378,Telangana,TG,Warangal Rural,716457,0,0,0,0,342881,105289,2020-05-29
425622,Uttarakhand,UT,Uttarkashi,329686,12548,74,12129,120026,234425,160687,2020-05-30
133311,Jharkhand,JH,Giridih,2445203,8964,130,8834,11132,994417,301193,2020-05-31
244315,Madhya Pradesh,MP,Sagar,2378295,16622,390,16154,64801,1563245,760746,2020-06-02
56761,Bihar,BR,Madhubani,4476044,18365,339,18023,715168,1974159,680214,2020-06-03
383886,Uttar Pradesh,UP,Budaun,3712738,14941,98,14843,224207,1408673,364360,2020-06-03
231315,Madhya Pradesh,MP,Guna,1240938,5132,44,5085,40229,821399,284155,2020-06-04
115322,Himachal Pradesh,HP,Una,521057,14268,253,13804,52905,434945,286819,2020-06-05
283808,Punjab,PB,Amritsar,2490891,47379,1598,45757,89227,1263073,446487,2020-06-05
166075,Karnataka,KA,Kolar,1540231,46916,638,46266,91924,991957,625918,2020-06-06
310991,Rajasthan,RJ,Jaipur,6663971,187804,1970,185816,968783,4582410,2189042,2020-06-10
13699,Arunachal Pradesh,AR,Kamle,22256,512,0,512,1385,6946,3874,2020-06-10
402105,Uttar Pradesh,UP,Lucknow,4588455,238839,2651,236165,1237583,3106658,1488333,2020-06-12
421463,Uttarakhand,UT,Haridwar,1927029,51498,1019,49096,369542,1456257,635360,2020-06-12
73295,Chhattisgarh,CT,Durg,3343079,96880,1798,95028,5020,1012391,525445,2020-06-12
317681,Rajasthan,RJ,Pratapgarh,868231,7143,63,7080,52208,655140,345189,2020-06-12
274289,Odisha,OR,Kandhamal,731952,11537,83,11453,1516,384009,150737,2020-06-13
131004,Jharkhand,JH,Dhanbad,2682662,16589,382,16196,0,1185934,446946,2020-06-13
246100,Madhya Pradesh,MP,Seoni,1378876,6775,28,6739,15024,945564,341871,2020-06-14
44993,Bihar,BR,Araria,2806200,14978,116,14859,219221,1177154,395227,2020-06-15
140286,Jharkhand,JH,Ranchi,2912022,86116,1585,84495,0,1512114,656001,2020-06-15
237236,Madhya Pradesh,MP,Mandla,1053522,5188,25,5159,0,684882,246724,2020-06-15
319510,Rajasthan,RJ,Sikar,2677737,30618,335,30283,165042,1838263,821713,2020-06-17
353280,Tamil Nadu,TN,Mayiladuthurai,901000,23280,316,22878,0,0,0,2020-06-18
87457,Goa,GA,North Goa,817761,0,0,0,0,600586,424066,2020-06-18
361737,Tamil Nadu,TN,Thiruvallur,3725697,119370,1842,117138,67948,1425728,563426,2020-06-19
303098,Rajasthan,RJ,Bharatpur,2549121,19601,260,19341,201441,1351114,590401,2020-06-21
280247,Odisha,OR,Puri,1697983,45431,459,44903,173340,1078666,523160,2020-06-21
297655,Puducherry,PY,Mahe,41816,5867,47,5744,42415,34018,25943,2020-06-22
312219,Rajasthan,RJ,Jalore,1830151,10067,72,9995,184172,987519,393953,2020-06-22
194833,Maharashtra,MH,Nanded,3356566,90409,2658,87721,117319,1560558,560812,2020-06-23
35712,Assam,AS,Kamrup,1517202,0,0,0,0,1079092,409628,2020-06-23
15447,Arunachal Pradesh,AR,Lepa Rada,89717,874,3,871,6747,13328,10176,2020-06-24
294061,Punjab,PB,S.A.S. Nagar,986147,68821,1068,67726,41532,872096,402212,2020-06-24
314047,Rajasthan,RJ,Jodhpur,3685681,112412,1103,111308,600959,2263325,1036743,2020-06-26
20073,Arunachal Pradesh,AR,Papum Pare,176385,18316,98,18212,41960,141168,100258,2020-06-26
439311,West Bengal,WB,South 24 Parganas,8153176,100957,1336,98950,0,4850898,1832073,2020-06-26
285034,Punjab,PB,Bathinda,1388859,41728,1042,40668,118489,623604,202311,2020-06-27
188217,Maharashtra,MH,Chandrapur,2194262,88968,1560,87387,199809,1335017,458690,2020-06-29
159478,Karnataka,KA,Chikkaballapura,1254377,43951,429,43501,15089,852473,497674,2020-07-01
258474,Mizoram,MZ,Serchhip,64875,4210,10,3646,0,41932,36047,2020-07-02
24703,Arunachal Pradesh,AR,West Kameng,87013,3545,14,3518,28155,55710,40321,2020-07-02
276097,Odisha,OR,Khordha,2246341,175335,1552,171938,0,2063646,1502538,2020-07-06
137409,Jharkhand,JH,Latehar,725673,7871,57,7814,0,294989,84919,2020-07-08
41528,Assam,AS,Sivasagar,1150253,0,0,0,0,478954,223921,2020-07-09
170323,Karnataka,KA,Shivamogga,1755512,69444,1088,68239,48760,1162073,535447,2020-07-10
230170,Madhya Pradesh,MP,Dhar,2184672,12572,130,12388,62597,1371226,536214,2020-07-11
186423,Maharashtra,MH,Beed,2585962,103749,2806,100803,111488,1145382,485615,2020-07-11
384531,Uttar Pradesh,UP,Bulandshahr,3498507,20215,243,19972,269090,1647985,646236,2020-07-11
369521,Tripura,TR,Khowai,327391,4559,54,4500,24046,202148,111955,2020-07-11
393030,Uttar Pradesh,UP,Hamirpur,1104021,5232,102,5130,240382,561456,185949,2020-07-12
208489,Meghalaya,ML,South Garo Hills,142574,1216,12,1203,0,40103,18937,2020-07-13
432200,West Bengal,WB,Kalimpong,251642,7036,54,6950,0,180713,124420,2020-07-13
364177,Tamil Nadu,TN,Tirunelveli,1665253,49374,432,48812,54208,815687,275985,2020-07-13
300081,Rajasthan,RJ,Alwar,3671999,59694,307,59387,291879,2237787,1029095,2020-07-14
5473,Andhra Pradesh,AP,Kurnool,4046601,124142,853,123264,867361,2672759,1290419,2020-07-14
359951,Tamil Nadu,TN,Tenkasi,1407627,27357,484,26834,26338,736882,233177,2020-07-15
428046,West Bengal,WB,Cooch Behar,2822780,29275,97,29060,0,1444232,421663,2020-07-17
241996,Madhya Pradesh,MP,Raisen,1331699,9238,194,9030,44343,885585,333022,2020-07-17
259064,Nagaland,NL,Dimapur,379769,14684,421,13471,47020,268405,175502,2020-07-18
439333,West Bengal,WB,South 24 Parganas,8153176,100957,1336,98950,0,4850898,1832073,2020-07-18
406998,Uttar Pradesh,UP,Moradabad,4773138,39102,349,38752,400459,1390249,443211,2020-07-19
68004,Chhattisgarh,CT,Balod,826165,27278,396,26880,2749,537459,271570,2020-07-19
220723,Manipur,MN,Ukhrul,183115,0,0,0,0,22193,14759,2020-07-20
399716,Uttar Pradesh,UP,Kaushambi,1596909,4424,70,4353,207064,760960,218775,2020-07-21
296502,Punjab,PB,Tarn Taran,1120070,8043,380,7659,111446,597303,178839,2020-07-27
124480,Haryana,HR,Palwal,1040493,11025,153,10872,139809,608874,221786,2020-07-28
53282,Bihar,BR,Kaimur,1626900,4984,147,4837,442332,801438,225437,2020-07-28
342438,Telangana,TG,Warangal Rural,716457,0,0,0,0,342881,105289,2020-07-28
154689,Jammu and Kashmir,JK,Udhampur,555357,11415,137,11275,0,425945,227785,2020-07-28
419129,Uttarakhand,UT,Bageshwar,259840,5764,60,5678,55626,183447,131244,2020-08-01
280289,Odisha,OR,Puri,1697983,45431,459,44903,173340,1078666,523160,2020-08-02
107032,Gujarat,GJ,Tapi,806489,4441,24,4417,92524,527345,303297,2020-08-02
271365,Odisha,OR,Ganjam,3520151,33849,485,33342,750442,2214981,1698328,2020-08-03
431034,West Bengal,WB,Jalpaiguri,3869675,41982,572,41256,0,1144138,410719,2020-08-04
21846,Arunachal Pradesh,AR,Tawang,49950,2577,20,2533,14224,29553,23287,2020-08-04
18379,Arunachal Pradesh,AR,Lower Subansiri,82839,3036,15,3015,10564,26916,18827,2020-08-05
347892,Tamil Nadu,TN,Dharmapuri,1502900,28425,274,27957,163803,770955,279901,2020-08-05
169748,Karnataka,KA,Ramanagara,1082739,24204,320,23869,103399,754463,469335,2020-08-06
38076,Assam,AS,Kokrajhar,886999,0,0,0,0,538901,156488,2020-08-06
143863,Jammu and Kashmir,JK,Bandipora,385099,9814,102,9693,0,303665,154345,2020-08-07
315918,Rajasthan,RJ,Nagaur,3309234,17737,177,17560,229822,2077555,1016874,2020-08-12
402773,Uttar Pradesh,UP,Maharajganj,2665292,12440,140,12300,334716,1283534,372559,2020-08-12
122675,Haryana,HR,Kurukshetra,964231,22147,357,21789,198881,610380,248125,2020-08-13
82240,Chhattisgarh,CT,Rajnandgaon,1537520,56077,515,55557,124947,1028876,530711,2020-08-16
2512,Andhra Pradesh,AP,Chittoor,4170468,246935,1947,244144,780322,2832987,1807873,2020-08-17
404599,Uttar Pradesh,UP,Mathura,2541894,20297,402,19893,198379,1207578,418117,2020-08-17
386390,Uttar Pradesh,UP,Deoria,3098637,20223,220,20003,304520,1597034,537293,2020-08-18
435803,West Bengal,WB,Other State,10082852,66,3,63,0,0,0,2020-08-21
55073,Bihar,BR,Kishanganj,1690948,10128,66,10057,294321,757066,205274,2020-08-21
71590,Chhattisgarh,CT,Bilaspur,1961922,65681,1210,64448,9823,1031494,525066,2020-08-22
113012,Himachal Pradesh,HP,Mandi,999518,31606,448,30983,41895,775242,479355,2020-08-22
364821,Tamil Nadu,TN,Tirupathur,1111812,29301,625,28600,23998,541496,205219,2020-08-22
180119,Kerala,KL,Pathanamthitta,1195537,193406,1076,184979,306034,1048352,677224,2020-08-22
378504,Uttar Pradesh,UP,Bahraich,2384239,11549,178,11371,308225,1752196,642554,2020-08-23
386396,Uttar Pradesh,UP,Deoria,3098637,20223,220,20003,304520,1597034,537293,2020-08-24
20132,Arunachal Pradesh,AR,Papum Pare,176385,18316,98,18212,41960,141168,100258,2020-08-24
87526,Goa,GA,North Goa,817761,0,0,0,0,600586,424066,2020-08-26
248538,Madhya Pradesh,MP,Shivpuri,1725818,12398,125,12261,47270,1109976,391707,2020-08-27
17246,Arunachal Pradesh,AR,Lower Dibang Valley,53986,2426,11,2397,12169,32639,22089,2020-08-28
145691,Jammu and Kashmir,JK,Doda,409576,7869,133,7704,0,313983,158751,2020-08-29
208537,Meghalaya,ML,South Garo Hills,142574,1216,12,1203,0,40103,18937,2020-08-30
49192,Bihar,BR,Buxar,1707643,9248,182,9066,461428,907374,322555,2020-08-30
380940,Uttar Pradesh,UP,Barabanki,3257983,19850,225,19624,147422,1589704,448292,2020-08-31
116016,Haryana,HR,Ambala,1136784,30150,509,29639,206003,873020,571772,2020-08-31
431062,West Bengal,WB,Jalpaiguri,3869675,41982,572,41256,0,1144138,410719,2020-09-01
408257,Uttar Pradesh,UP,Pilibhit,2037225,11032,193,10838,291538,978332,256931,2020-09-02
110038,Himachal Pradesh,HP,Hamirpur,454293,17379,287,16741,46407,377332,269143,2020-09-02
136305,Jharkhand,JH,Khunti,530299,7820,96,7724,3852,227503,107053,2020-09-02
215485,Manipur,MN,Kakching,135481,0,0,0,0,84702,49653,2020-09-03
229633,Madhya Pradesh,MP,Dewas,1563107,7723,51,7672,96155,1005266,477219,2020-09-03
423931,Uttarakhand,UT,Rudraprayag,236857,8800,106,8535,52378,170911,113480,2020-09-04
161951,Karnataka,KA,Davanagere,1946905,50989,608,50359,17483,1016827,495371,2020-09-04
107658,Gujarat,GJ,Vadodara,3639775,78159,788,77335,695670,2612578,1940514,2020-09-05
295940,Punjab,PB,Sri Muktsar Sahib,902702,18784,524,18257,67979,473193,142901,2020-09-05
118451,Haryana,HR,Fatehabad,941522,17875,481,17394,27456,574546,201763,2020-09-07
93453,Gujarat,GJ,Chhota Udaipur,1071831,3395,38,3357,93838,635695,420157,2020-09-08
381556,Uttar Pradesh,UP,Bareilly,4465344,44028,377,43650,465209,2221830,749751,2020-09-09
60394,Bihar,BR,Purnia,3273127,24427,180,24247,568756,1603099,729224,2020-09-10
410086,Uttar Pradesh,UP,Rae Bareli,3404004,17104,343,16761,387408,1436175,344694,2020-09-10
142113,Jharkhand,JH,Simdega,599813,7193,92,7101,0,277357,112059,2020-09-10
285111,Punjab,PB,Bathinda,1388859,41728,1042,40668,118489,623604,202311,2020-09-12
60985,Bihar,BR,Rohtas,2962593,13980,271,13707,521553,1498172,465660,2020-09-12
374885,Uttar Pradesh,UP,Amethi,2549935,9972,143,9828,267014,1015454,375261,2020-09-15
111843,Himachal Pradesh,HP,Kullu,437474,9692,158,9496,12012,351261,203549,2020-09-16
93462,Gujarat,GJ,Chhota Udaipur,1071831,3395,38,3357,93838,635695,420157,2020-09-17
256208,Mizoram,MZ,Lunglei,154094,9842,27,9053,0,95129,73298,2020-09-18
110057,Himachal Pradesh,HP,Hamirpur,454293,17379,287,16741,46407,377332,269143,2020-09-21
374284,Uttar Pradesh,UP,Ambedkar Nagar,2398709,5040,152,4885,123151,1135268,349925,2020-09-21
7939,Andhra Pradesh,AP,Srikakulam,2699471,123109,786,122136,670899,1630248,974734,2020-09-22
438806,West Bengal,WB,Purulia,2927965,19419,113,19283,0,1679941,492310,2020-09-23
217268,Manipur,MN,Noney,45616,0,0,0,0,16798,9819,2020-09-25
146927,Jammu and Kashmir,JK,Jammu,1526406,53324,1145,52145,0,1168448,610537,2020-09-30
318399,Rajasthan,RJ,Rajsamand,1158283,17044,169,16875,91975,691497,299553,2020-09-30
357613,Tamil Nadu,TN,Ramanathapuram,1337560,20564,357,20158,23389,660673,280037,2020-10-01
180773,Kerala,KL,Thiruvananthapuram,3307284,463977,4996,448304,436661,2578575,1562343,2020-10-02
213166,Manipur,MN,Churachandpur,271274,0,0,0,13542,104247,62208,2020-10-02
269046,Odisha,OR,Cuttack,2618708,94631,857,93404,5720,1434524,702278,2020-10-03
191925,Maharashtra,MH,Jalna,1958483,60615,1209,59382,117047,1081253,413822,2020-10-03
139236,Jharkhand,JH,Palamu,1936319,12294,110,12184,0,788026,311074,2020-10-03
423365,Uttarakhand,UT,Pithoragarh,485993,10260,181,9962,72686,318644,183765,2020-10-04
373084,Uttar Pradesh,UP,Agra,4380793,25765,457,25308,491361,2172907,746386,2020-10-05
337635,Telangana,TG,Peddapalli,795332,0,0,0,0,463510,201940,2020-10-05
68674,Chhattisgarh,CT,Baloda Bazar,1305343,43085,471,42611,3816,617777,211945,2020-10-05
89929,Gujarat,GJ,Anand,2090276,9637,49,9581,171851,1471865,935893,2020-10-06
17286,Arunachal Pradesh,AR,Lower Dibang Valley,53986,2426,11,2397,12169,32639,22089,2020-10-07
303814,Rajasthan,RJ,Bhilwara,2410459,29781,156,29625,148764,1525323,723691,2020-10-07
355203,Tamil Nadu,TN,Nilgiris,735071,33566,212,33164,45839,501986,343811,2020-10-07
247398,Madhya Pradesh,MP,Shajapur,1512353,6349,74,6273,56805,620316,278912,2020-10-08
148743,Jammu and Kashmir,JK,Kulgam,422786,11489,117,11367,0,401091,202260,2020-10-10
368465,Tripura,TR,Dhalai,377988,7037,35,7000,61582,258334,164654,2020-10-11
283938,Punjab,PB,Amritsar,2490891,47379,1598,45757,89227,1263073,446487,2020-10-13
318414,Rajasthan,RJ,Rajsamand,1158283,17044,169,16875,91975,691497,299553,2020-10-15
20185,Arunachal Pradesh,AR,Papum Pare,176385,18316,98,18212,41960,141168,100258,2020-10-16
247997,Madhya Pradesh,MP,Sheopur,687952,4000,78,3919,31449,413195,140296,2020-10-16
12095,Arunachal Pradesh,AR,Changlang,147951,3807,22,3780,23861,88857,55361,2020-10-18
322003,Sikkim,SK,East Sikkim,281293,0,0,0,0,263526,229361,2020-10-18
349778,Tamil Nadu,TN,Kallakurichi,1370281,31364,210,31056,28314,696213,299822,2020-10-18
193746,Maharashtra,MH,Mumbai,12442373,756749,16247,733318,2789713,9115615,5564204,2020-10-18
265492,Odisha,OR,Angul,1271703,43920,393,43506,172873,786278,291800,2020-10-19
360047,Tamil Nadu,TN,Tenkasi,1407627,27357,484,26834,26338,736882,233177,2020-10-19
55132,Bihar,BR,Kishanganj,1690948,10128,66,10057,294321,757066,205274,2020-10-19
339477,Telangana,TG,Sangareddy,1527628,0,0,0,0,851395,299316,2020-10-20
4974,Andhra Pradesh,AP,Krishna,4529009,119348,1430,117130,782232,2971604,1914927,2020-10-22
394348,Uttar Pradesh,UP,Hardoi,4091380,13755,349,13406,224784,1852490,537647,2020-10-24
54549,Bihar,BR,Khagaria,1657599,10064,88,9976,148340,775019,222012,2020-10-25
372498,Tripura,TR,West Tripura,917534,32351,420,31817,202939,676784,470030,2020-10-26
108898,Himachal Pradesh,HP,Bilaspur,382056,14374,85,14120,39738,323204,234916,2020-10-26
368481,Tripura,TR,Dhalai,377988,7037,35,7000,61582,258334,164654,2020-10-27
379784,Uttar Pradesh,UP,Balrampur,2149066,7494,138,7354,276237,995084,438892,2020-10-28
313564,Rajasthan,RJ,Jhunjhunu,2139658,14811,158,14653,123433,1449967,787196,2020-10-29
157792,Karnataka,KA,Bengaluru Urban,9588910,1251872,16281,1229059,6883888,9219875,5903791,2020-10-29
437060,West Bengal,WB,Paschim Medinipur,5094238,53581,507,52820,0,2758576,877978,2020-10-29
248601,Madhya Pradesh,MP,Shivpuri,1725818,12398,125,12261,47270,1109976,391707,2020-10-29
238555,Madhya Pradesh,MP,Morena,1965137,8236,95,8135,90967,1295658,582833,2020-10-30
431715,West Bengal,WB,Jhargram,1136548,12135,27,12063,0,714456,211586,2020-10-30
344958,Tamil Nadu,TN,Ariyalur,752481,16854,261,16548,18285,475390,157166,2020-10-30
436469,West Bengal,WB,Paschim Bardhaman,2882031,57778,356,57184,0,1789611,677747,2020-11-01
331573,Telangana,TG,Mahabubnagar,1318110,0,0,0,0,482547,150640,2020-11-02
75215,Chhattisgarh,CT,Janjgir Champa,1620632,57636,838,56766,4016,896087,317605,2020-11-03
114281,Himachal Pradesh,HP,Sirmaur,530164,15456,211,15244,42564,423793,209631,2020-11-05
326095,Telangana,TG,Jagtial,983414,0,0,0,0,580926,190526,2020-11-05
97063,Gujarat,GJ,Jamnagar,2159130,34978,478,34494,307911,1111813,653950,2020-11-05
415606,Uttar Pradesh,UP,Sitapur,4474446,12398,185,12211,289473,2139996,497241,2020-11-06
355233,Tamil Nadu,TN,Nilgiris,735071,33566,212,33164,45839,501986,343811,2020-11-06
132310,Jharkhand,JH,East Singhbhum,2291032,51974,1046,50907,0,1424376,661091,2020-11-06
108313,Gujarat,GJ,Valsad,1703068,6405,53,6308,155380,1232139,704675,2020-11-07
74036,Chhattisgarh,CT,Gariaband,597653,19701,194,19506,2096,293987,99137,2020-11-08
72261,Chhattisgarh,CT,Dakshin Bastar Dantewada,533638,10840,25,10809,1168,158243,80855,2020-11-09
80550,Chhattisgarh,CT,Other State,140206,805,131,666,0,0,0,2020-11-10
340111,Telangana,TG,Siddipet,993376,0,0,0,0,582450,242462,2020-11-14
267898,Odisha,OR,Bhadrak,1506522,26480,150,26260,258173,1026493,367945,2020-11-14
134639,Jharkhand,JH,Gumla,1025656,9900,38,9857,0,387738,156364,2020-11-15
88194,Goa,GA,South Goa,639962,0,0,0,0,661972,487016,2020-11-16
276230,Odisha,OR,Khordha,2246341,175335,1552,171938,0,2063646,1502538,2020-11-16
213798,Manipur,MN,Imphal East,452661,0,0,0,0,251626,148953,2020-11-16
120343,Haryana,HR,Jhajjar,956907,18849,328,18514,186853,684511,293496,2020-11-17
251576,Madhya Pradesh,MP,Umaria,643579,6294,63,6224,54811,455492,196492,2020-11-18
327935,Telangana,TG,Jogulamba Gadwal,664971,0,0,0,0,306919,59886,2020-11-18
152395,Jammu and Kashmir,JK,Reasi,314714,6626,43,6575,0,244379,133971,2020-11-19
166847,Karnataka,KA,Koppal,1391292,35198,521,34660,8708,814373,411092,2020-11-23
389523,Uttar Pradesh,UP,Firozabad,2496761,8720,135,8585,322656,1005224,328351,2020-11-24
251582,Madhya Pradesh,MP,Umaria,643579,6294,63,6224,54811,455492,196492,2020-11-24
15601,Arunachal Pradesh,AR,Lepa Rada,89717,874,3,871,6747,13328,10176,2020-11-25
204620,Maharashtra,MH,Washim,1196714,41663,637,41020,0,579042,321710,2020-11-25
249220,Madhya Pradesh,MP,Sidhi,1126515,9219,87,9132,4660,679862,226632,2020-11-26
160229,Karnataka,KA,Chikkamagaluru,1137753,51126,395,50662,5467,737417,346002,2020-11-27
202817,Maharashtra,MH,Solapur,4315527,210466,5551,204364,629266,2242339,690069,2020-11-28
244494,Madhya Pradesh,MP,Sagar,2378295,16622,390,16154,64801,1563245,760746,2020-11-28
261494,Nagaland,NL,Mokokchung,193171,2333,54,2186,3976,69198,54730,2020-11-29
330383,Telangana,TG,Komaram Bheem,515835,0,0,0,0,275644,51593,2020-11-30
347407,Tamil Nadu,TN,Cuddalore,2600880,64085,867,62997,36434,1529591,646400,2020-12-02
355259,Tamil Nadu,TN,Nilgiris,735071,33566,212,33164,45839,501986,343811,2020-12-02
408956,Uttar Pradesh,UP,Pratapgarh,3173752,16038,163,15875,100500,1480021,456869,2020-12-03
438878,West Bengal,WB,Purulia,2927965,19419,113,19283,0,1679941,492310,2020-12-04
290011,Punjab,PB,Kapurthala,817668,17852,556,17294,38658,465285,187476,2020-12-05
70511,Chhattisgarh,CT,Bastar,1302253,21066,188,20845,4522,443759,178775,2020-12-05
413209,Uttar Pradesh,UP,Shahjahanpur,3002376,20361,444,19916,437195,1743273,538827,2020-12-07
312388,Rajasthan,RJ,Jalore,1830151,10067,72,9995,184172,987519,393953,2020-12-08
79987,Chhattisgarh,CT,Narayanpur,140206,4019,14,4005,804,53032,19468,2020-12-09
175937,Kerala,KL,Kannur,2525637,275264,2325,269475,392136,1891004,959656,2020-12-09
116724,Haryana,HR,Bhiwani,1629109,22409,652,21757,176225,741251,317765,2020-12-10
303878,Rajasthan,RJ,Bhilwara,2410459,29781,156,29625,148764,1525323,723691,2020-12-10
65787,Bihar,BR,Supaul,2228397,17222,129,17093,456511,1069993,369925,2020-12-11
329785,Telangana,TG,Khammam,1401639,0,0,0,0,856707,333812,2020-12-11
205807,Meghalaya,ML,East Garo Hills,317618,1867,13,1844,0,47655,20648,2020-12-13
344399,Tamil Nadu,TN,Airport Quarantine,726465,2113,2,2107,0,0,0,2020-12-14
236237,Madhya Pradesh,MP,Khandwa,1309443,4044,94,3946,17090,862885,310248,2020-12-15
164461,Karnataka,KA,Haveri,1598506,21947,644,21301,11714,999178,383705,2020-12-15
116732,Haryana,HR,Bhiwani,1629109,22409,652,21757,176225,741251,317765,2020-12-18
299024,Puducherry,PY,Yanam,55626,6773,107,6661,26727,30079,15489,2020-12-20
110148,Himachal Pradesh,HP,Hamirpur,454293,17379,287,16741,46407,377332,269143,2020-12-21
96517,Gujarat,GJ,Gir Somnath,1217477,8570,67,8499,121948,845224,363467,2020-12-21
279836,Odisha,OR,Nuapada,606490,22924,84,22803,310,402248,129685,2020-12-22
210920,Meghalaya,ML,West Jaintia Hills,270352,6803,133,6642,0,84529,47646,2020-12-23
232109,Madhya Pradesh,MP,Gwalior,2030543,53106,633,52427,206696,1452149,730150,2020-12-24
162664,Karnataka,KA,Dharwad,1846993,60970,1315,59639,137696,1212295,561504,2020-12-24
52254,Bihar,BR,Jamui,1756078,9418,106,9312,342005,800488,222093,2020-12-25
124630,Haryana,HR,Palwal,1040493,11025,153,10872,139809,608874,221786,2020-12-25
260372,Nagaland,NL,Kohima,270063,9461,123,9095,33986,105758,82602,2020-12-25
194417,Maharashtra,MH,Nagpur,4653171,493607,9128,484334,382083,3006439,1460890,2020-12-26
82965,Chhattisgarh,CT,Sukma,249000,8066,20,8041,1723,134654,81437,2020-12-27
81783,Chhattisgarh,CT,Raipur,4062160,158035,3139,154852,12704,1557999,915437,2020-12-29
405341,Uttar Pradesh,UP,Mau,2205170,8333,80,8252,281445,1017497,307052,2020-12-30
144611,Jammu and Kashmir,JK,Baramulla,1015503,24613,282,24196,0,776258,450002,2020-12-31
330414,Telangana,TG,Komaram Bheem,515835,0,0,0,0,275644,51593,2020-12-31
219127,Manipur,MN,Tamenglong,140143,0,0,0,0,19931,10361,2021-01-01
193821,Maharashtra,MH,Mumbai,12442373,756749,16247,733318,2789713,9115615,5564204,2021-01-01
319102,Rajasthan,RJ,Sawai Madhopur,1338114,10618,61,10557,84683,756544,347992,2021-01-03
364955,Tamil Nadu,TN,Tirupathur,1111812,29301,625,28600,23998,541496,205219,2021-01-03
266759,Odisha,OR,Balasore,2317419,40787,299,40389,9843,1351099,534318,2021-01-04
409597,Uttar Pradesh,UP,Prayagraj,5959798,78699,1088,77609,729300,2731341,862244,2021-01-06
133531,Jharkhand,JH,Giridih,2445203,8964,130,8834,11132,994417,301193,2021-01-06
284023,Punjab,PB,Amritsar,2490891,47379,1598,45757,89227,1263073,446487,2021-01-06
9842,Andhra Pradesh,AP,West Godavari,3934782,179077,1117,177680,793098,2525317,1778807,2021-01-06
305729,Rajasthan,RJ,Chittorgarh,1544392,19809,139,19670,116002,978713,482350,2021-01-06
55800,Bihar,BR,Lakhisarai,1000717,7776,102,7674,332434,461970,138407,2021-01-06
396245,Uttar Pradesh,UP,Jaunpur,4476072,22584,235,22349,322824,2189622,667013,2021-01-08
7448,Andhra Pradesh,AP,S.P.S. Nellore,2966082,146388,1053,144919,682964,2143402,1403240,2021-01-08
69953,Chhattisgarh,CT,Bametara,197035,19963,236,19726,3113,405388,132925,2021-01-08
254563,Mizoram,MZ,Khawzawl,125370,733,0,688,0,0,0,2021-01-09
303301,Rajasthan,RJ,Bharatpur,2549121,19601,260,19341,201441,1351114,590401,2021-01-10
229171,Madhya Pradesh,MP,Datia,786375,6959,78,6874,40322,560238,296233,2021-01-10
379252,Uttar Pradesh,UP,Ballia,3223642,21610,234,21376,267420,1433455,388341,2021-01-11
304518,Rajasthan,RJ,Bikaner,2367745,40339,545,39792,278302,1461174,714590,2021-01-11
311814,Rajasthan,RJ,Jaisalmer,672008,13639,66,13573,80082,416014,194163,2021-01-11
162081,Karnataka,KA,Davanagere,1946905,50989,608,50359,17483,1016827,495371,2021-01-12
407783,Uttar Pradesh,UP,Muzaffarnagar,4138605,31009,269,30737,161704,1264005,467387,2021-01-13
195038,Maharashtra,MH,Nanded,3356566,90409,2658,87721,117319,1560558,560812,2021-01-14
305741,Rajasthan,RJ,Chittorgarh,1544392,19809,139,19670,116002,978713,482350,2021-01-18
77068,Chhattisgarh,CT,Kondagaon,578326,13139,99,13036,1607,317695,100468,2021-01-19
337132,Telangana,TG,Nizamabad,1534428,0,0,0,0,858574,250862,2021-01-19
184208,Maharashtra,MH,Ahmednagar,4543083,339457,7043,330122,11077,2468837,881402,2021-01-20
171721,Karnataka,KA,Udupi,1177908,76718,489,76181,86092,919074,529427,2021-01-20
353496,Tamil Nadu,TN,Mayiladuthurai,901000,23280,316,22878,0,0,0,2021-01-20
238050,Madhya Pradesh,MP,Mandsaur,1339832,8637,84,8552,52733,948065,330902,2021-01-24
312435,Rajasthan,RJ,Jalore,1830151,10067,72,9995,184172,987519,393953,2021-01-24
387763,Uttar Pradesh,UP,Etawah,1579160,13933,293,13640,297761,708258,253661,2021-01-24
87678,Goa,GA,North Goa,817761,0,0,0,0,600586,424066,2021-01-25
233914,Madhya Pradesh,MP,Indore,3272335,153230,1391,151410,780266,2951024,1728945,2021-01-25
263273,Nagaland,NL,Phek,163294,601,18,568,2779,31241,20746,2021-01-25
400513,Uttar Pradesh,UP,Kushinagar,3560830,15617,228,15389,314772,1632782,458054,2021-01-27
397478,Uttar Pradesh,UP,Kannauj,1658005,9231,114,9115,124019,755119,257048,2021-01-27
122842,Haryana,HR,Kurukshetra,964231,22147,357,21789,198881,610380,248125,2021-01-27
39991,Assam,AS,Morigaon,957853,0,0,0,0,592446,212146,2021-01-28
382911,Uttar Pradesh,UP,Bhadohi,1554203,7720,163,7557,119023,793094,244431,2021-01-28
72934,Chhattisgarh,CT,Dhamtari,799199,27239,545,26690,1501,509782,224591,2021-01-29
174151,Kerala,KL,Alappuzha,2121943,316160,1862,313515,0,1518055,855411,2021-01-31
212113,Manipur,MN,Bishnupur,240363,0,0,0,0,128902,64791,2021-01-31
295487,Punjab,PB,Shahid Bhagat Singh Nagar,614362,11469,388,11080,77715,392113,172294,2021-02-01
236876,Madhya Pradesh,MP,Khargone,1872413,13970,239,13716,38413,1147444,411114,2021-02-01
45224,Bihar,BR,Araria,2806200,14978,116,14859,219221,1177154,395227,2021-02-01
402340,Uttar Pradesh,UP,Lucknow,4588455,238839,2651,236165,1237583,3106658,1488333,2021-02-02
165714,Karnataka,KA,Kodagu,554762,37095,329,36616,143982,385482,212033,2021-02-02
339582,Telangana,TG,Sangareddy,1527628,0,0,0,0,851395,299316,2021-02-02
23762,Arunachal Pradesh,AR,Upper Siang,35289,1016,1,1015,6564,18594,13671,2021-02-02
382917,Uttar Pradesh,UP,Bhadohi,1554203,7720,163,7557,119023,793094,244431,2021-02-03
385345,Uttar Pradesh,UP,Chandauli,1952713,16208,356,15852,211249,939599,238646,2021-02-03
300893,Rajasthan,RJ,BSF Camp,3671999,85,0,85,0,0,0,2021-02-03
437751,West Bengal,WB,Purba Bardhaman,4835532,42005,198,41588,0,2596246,859528,2021-02-03
239836,Madhya Pradesh,MP,Neemuch,825958,7926,84,7828,57292,579489,229183,2021-02-06
219750,Manipur,MN,Tengnoupal,140143,0,0,0,0,26209,12163,2021-02-06
134723,Jharkhand,JH,Gumla,1025656,9900,38,9857,0,387738,156364,2021-02-07
267388,Odisha,OR,Bargarh,1478833,31126,335,30762,0,829092,283966,2021-02-07
179677,Kerala,KL,Palakkad,2810892,373839,2881,364351,226562,1989222,950909,2021-02-09
381103,Uttar Pradesh,UP,Barabanki,3257983,19850,225,19624,147422,1589704,448292,2021-02-10
242795,Madhya Pradesh,MP,Rajgarh,1546541,8729,172,8490,46604,1025584,450099,2021-02-10
288272,Punjab,PB,Gurdaspur,2299026,22381,801,21576,249039,862133,415351,2021-02-10
20302,Arunachal Pradesh,AR,Papum Pare,176385,18316,98,18212,41960,141168,100258,2021-02-10
236887,Madhya Pradesh,MP,Khargone,1872413,13970,239,13716,38413,1147444,411114,2021-02-12
142268,Jharkhand,JH,Simdega,599813,7193,92,7101,0,277357,112059,2021-02-12
262143,Nagaland,NL,Mon,259604,1159,14,1124,12278,70054,48331,2021-02-12
335331,Telangana,TG,Nalgonda,1631399,0,0,0,0,891308,254218,2021-02-14
406601,Uttar Pradesh,UP,Mirzapur,2494533,11088,116,10972,312764,1335308,462157,2021-02-14
363186,Tamil Nadu,TN,Thoothukkudi,1738376,56304,409,55757,49288,984706,328797,2021-02-15
124682,Haryana,HR,Palwal,1040493,11025,153,10872,139809,608874,221786,2021-02-15
265612,Odisha,OR,Angul,1271703,43920,393,43506,172873,786278,291800,2021-02-16
6888,Andhra Pradesh,AP,Prakasam,3392764,138482,1124,136989,697340,2321031,1521177,2021-02-16
382931,Uttar Pradesh,UP,Bhadohi,1554203,7720,163,7557,119023,793094,244431,2021-02-17
335334,Telangana,TG,Nalgonda,1631399,0,0,0,0,891308,254218,2021-02-17
287076,Punjab,PB,Fazilka,1180483,20271,528,19729,63589,490080,131519,2021-02-18
273946,Odisha,OR,Kalahandi,1573054,24314,210,24082,1458,921185,304778,2021-02-20
38275,Assam,AS,Kokrajhar,886999,0,0,0,0,538901,156488,2021-02-21
184241,Maharashtra,MH,Ahmednagar,4543083,339457,7043,330122,11077,2468837,881402,2021-02-22
317329,Rajasthan,RJ,Pali,2038533,27324,287,27037,179463,1200554,513058,2021-02-23
370896,Tripura,TR,Sipahijala,484233,6360,75,6273,53067,330932,211903,2021-02-23
67040,Bihar,BR,West Champaran,3935042,20890,358,20532,551778,1784016,469332,2021-02-24
64096,Bihar,BR,Sheohar,656916,4404,36,4368,199431,300967,108766,2021-02-25
370898,Tripura,TR,Sipahijala,484233,6360,75,6273,53067,330932,211903,2021-02-25
204110,Maharashtra,MH,Wardha,1296157,57344,1217,55956,52365,755863,314899,2021-02-25
199897,Maharashtra,MH,Raigad,2635394,195958,4551,190759,304088,1859507,774913,2021-02-26
341433,Telangana,TG,Vikarabad,881250,0,0,0,0,427669,87989,2021-02-26
251676,Madhya Pradesh,MP,Umaria,643579,6294,63,6224,54811,455492,196492,2021-02-26
324992,Telangana,TG,Bhadradri Kothagudem,1304811,0,0,0,0,599183,204318,2021-02-28
245177,Madhya Pradesh,MP,Satna,2228619,11965,133,11829,28159,1532585,481540,2021-02-28
370328,Tripura,TR,North Tripura,415946,7250,34,7199,100931,283802,190594,2021-03-01
75925,Chhattisgarh,CT,Jashpur,852043,27093,212,26867,2542,435884,182747,2021-03-01
335346,Telangana,TG,Nalgonda,1631399,0,0,0,0,891308,254218,2021-03-01
112606,Himachal Pradesh,HP,Lahaul and Spiti,31528,2953,18,2935,540,31920,20986,2021-03-01
188463,Maharashtra,MH,Chandrapur,2194262,88968,1560,87387,199809,1335017,458690,2021-03-02
216840,Manipur,MN,Kangpokpi,45616,0,0,0,0,39027,19015,2021-03-03
330476,Telangana,TG,Komaram Bheem,515835,0,0,0,0,275644,51593,2021-03-03
337176,Telangana,TG,Nizamabad,1534428,0,0,0,0,858574,250862,2021-03-04
207589,Meghalaya,ML,North Garo Hills,118325,1685,8,1674,0,62675,28288,2021-03-04
413904,Uttar Pradesh,UP,Shamli,1274815,12976,45,12931,246597,604968,206438,2021-03-05
220952,Manipur,MN,Ukhrul,183115,0,0,0,0,22193,14759,2021-03-06
333525,Telangana,TG,Medchal Malkajgiri,2542203,0,0,0,0,2149958,1317832,2021-03-07
173574,Karnataka,KA,Yadgir,1172985,27545,207,27337,221485,708887,348094,2021-03-08
407837,Uttar Pradesh,UP,Muzaffarnagar,4138605,31009,269,30737,161704,1264005,467387,2021-03-08
274558,Odisha,OR,Kandhamal,731952,11537,83,11453,1516,384009,150737,2021-03-09
314305,Rajasthan,RJ,Jodhpur,3685681,112412,1103,111308,600959,2263325,1036743,2021-03-11
389024,Uttar Pradesh,UP,Fatehpur,2632684,6814,139,6674,82928,1246314,410120,2021-03-12
55279,Bihar,BR,Kishanganj,1690948,10128,66,10057,294321,757066,205274,2021-03-15
77123,Chhattisgarh,CT,Kondagaon,578326,13139,99,13036,1607,317695,100468,2021-03-15
294927,Punjab,PB,Sangrur,1654408,15762,875,14884,166332,730511,218820,2021-03-15
252871,Mizoram,MZ,Aizawl,404054,75111,300,71337,0,315706,239593,2021-03-16
430070,West Bengal,WB,Hooghly,5520389,86300,990,84650,0,3368156,1343978,2021-03-16
424721,Uttarakhand,UT,Tehri Garhwal,616409,15835,108,14827,105111,381493,206527,2021-03-17
269806,Odisha,OR,Deogarh,312164,6553,50,6460,682,223405,63727,2021-03-17
301545,Rajasthan,RJ,Banswara,1798194,10005,104,9901,48781,1024293,525793,2021-03-19
95421,Gujarat,GJ,Devbhumi Dwarka,752484,4175,82,4093,80424,504501,309771,2021-03-19
291921,Punjab,PB,Moga,992289,8675,233,8440,77307,541556,178908,2021-03-19
203530,Maharashtra,MH,Thane,11060148,610128,11462,597141,1229625,5484839,2751182,2021-03-19
80680,Chhattisgarh,CT,Other State,140206,805,131,666,0,0,0,2021-03-20
106079,Gujarat,GJ,Surat,4996391,143874,1956,141885,1938229,4781894,2529712,2021-03-21
307019,Rajasthan,RJ,Dausa,1637226,13351,62,13289,61680,941513,395584,2021-03-21
407851,Uttar Pradesh,UP,Muzaffarnagar,4138605,31009,269,30737,161704,1264005,467387,2021-03-22
334761,Telangana,TG,Nagarkurnool,893308,0,0,0,0,464888,106589,2021-03-25
110242,Himachal Pradesh,HP,Hamirpur,454293,17379,287,16741,46407,377332,269143,2021-03-25
165164,Karnataka,KA,Kalaburagi,2564892,61926,819,61087,409596,1323039,641641,2021-03-26
7525,Andhra Pradesh,AP,S.P.S. Nellore,2966082,146388,1053,144919,682964,2143402,1403240,2021-03-26
188488,Maharashtra,MH,Chandrapur,2194262,88968,1560,87387,199809,1335017,458690,2021-03-27
5130,Andhra Pradesh,AP,Krishna,4529009,119348,1430,117130,782232,2971604,1914927,2021-03-27
305809,Rajasthan,RJ,Chittorgarh,1544392,19809,139,19670,116002,978713,482350,2021-03-27
77135,Chhattisgarh,CT,Kondagaon,578326,13139,99,13036,1607,317695,100468,2021-03-27
96614,Gujarat,GJ,Gir Somnath,1217477,8570,67,8499,121948,845224,363467,2021-03-28
355979,Tamil Nadu,TN,Perambalur,564511,12067,243,11790,7981,326872,136491,2021-03-28
181563,Kerala,KL,Thrissur,3110327,523260,3575,515481,639055,2295947,1305873,2021-03-28
251707,Madhya Pradesh,MP,Umaria,643579,6294,63,6224,54811,455492,196492,2021-03-29
159147,Karnataka,KA,Chamarajanagara,1020962,33001,500,32469,5156,647951,351940,2021-03-29
134775,Jharkhand,JH,Gumla,1025656,9900,38,9857,0,387738,156364,2021-03-31
306422,Rajasthan,RJ,Churu,2041172,16720,107,16613,131700,1301558,582443,2021-04-01
307639,Rajasthan,RJ,Dholpur,1207293,11010,48,10962,121308,660103,279501,2021-04-02
6334,Andhra Pradesh,AP,Other State,4046601,2461,0,2461,0,0,0,2021-04-02
23821,Arunachal Pradesh,AR,Upper Siang,35289,1016,1,1015,6564,18594,13671,2021-04-02
380547,Uttar Pradesh,UP,Banda,1799541,10992,158,10832,303185,795903,236840,2021-04-02
408469,Uttar Pradesh,UP,Pilibhit,2037225,11032,193,10838,291538,978332,256931,2021-04-02
62366,Bihar,BR,Samastipur,4254782,20020,155,19864,614569,1991102,555728,2021-04-03
107868,Gujarat,GJ,Vadodara,3639775,78159,788,77335,695670,2612578,1940514,2021-04-03
373871,Uttar Pradesh,UP,Aligarh,3673849,21280,108,21172,482825,1589498,498586,2021-04-03
107277,Gujarat,GJ,Tapi,806489,4441,24,4417,92524,527345,303297,2021-04-04
355382,Tamil Nadu,TN,Nilgiris,735071,33566,212,33164,45839,501986,343811,2021-04-04
160959,Karnataka,KA,Chitradurga,1660378,36666,206,36412,4393,1020280,618156,2021-04-04
161562,Karnataka,KA,Dakshina Kannada,2083625,115478,1680,113515,131281,1531107,848253,2021-04-05
274586,Odisha,OR,Kandhamal,731952,11537,83,11453,1516,384009,150737,2021-04-06
271612,Odisha,OR,Ganjam,3520151,33849,485,33342,750442,2214981,1698328,2021-04-07
296756,Punjab,PB,Tarn Taran,1120070,8043,380,7659,111446,597303,178839,2021-04-07
273992,Odisha,OR,Kalahandi,1573054,24314,210,24082,1458,921185,304778,2021-04-07
392085,Uttar Pradesh,UP,Gonda,3431386,12282,266,12016,241234,1604382,555773,2021-04-07
296155,Punjab,PB,Sri Muktsar Sahib,902702,18784,524,18257,67979,473193,142901,2021-04-08
148324,Jammu and Kashmir,JK,Kishtwar,230696,4819,44,4773,0,164754,78041,2021-04-11
247583,Madhya Pradesh,MP,Shajapur,1512353,6349,74,6273,56805,620316,278912,2021-04-11
59430,Bihar,BR,Nawada,2216653,10353,178,10174,322514,1062349,274319,2021-04-12
390877,Uttar Pradesh,UP,Ghaziabad,4661452,55673,461,55207,712611,2247039,1071908,2021-04-13
68273,Chhattisgarh,CT,Balod,826165,27278,396,26880,2749,537459,271570,2021-04-14
73601,Chhattisgarh,CT,Durg,3343079,96880,1798,95028,5020,1012391,525445,2021-04-14
97816,Gujarat,GJ,Junagadh,2742291,20505,272,20226,199699,1316479,733025,2021-04-15
160370,Karnataka,KA,Chikkamagaluru,1137753,51126,395,50662,5467,737417,346002,2021-04-17
414555,Uttar Pradesh,UP,Shrawasti,1114615,4388,35,4353,221566,515155,181654,2021-04-18
109072,Himachal Pradesh,HP,Bilaspur,382056,14374,85,14120,39738,323204,234916,2021-04-18
73605,Chhattisgarh,CT,Durg,3343079,96880,1798,95028,5020,1012391,525445,2021-04-18
41813,Assam,AS,Sivasagar,1150253,0,0,0,0,478954,223921,2021-04-20
220412,Manipur,MN,Thoubal,420517,0,0,0,0,141308,62279,2021-04-22
424161,Uttarakhand,UT,Rudraprayag,236857,8800,106,8535,52378,170911,113480,2021-04-22
61798,Bihar,BR,Saharsa,1897102,17616,134,17482,356327,995618,366567,2021-04-24
340883,Telangana,TG,Suryapet,1099560,0,0,0,0,610724,208278,2021-04-26
347552,Tamil Nadu,TN,Cuddalore,2600880,64085,867,62997,36434,1529591,646400,2021-04-26
326879,Telangana,TG,Jangaon,582457,0,0,0,0,327527,128207,2021-04-29
184309,Maharashtra,MH,Ahmednagar,4543083,339457,7043,330122,11077,2468837,881402,2021-05-01
153160,Jammu and Kashmir,JK,Samba,318611,7152,120,7032,0,280700,122554,2021-05-01
40665,Assam,AS,Nagaon,2826006,0,0,0,0,1203831,448081,2021-05-02
267472,Odisha,OR,Bargarh,1478833,31126,335,30762,0,829092,283966,2021-05-02
266878,Odisha,OR,Balasore,2317419,40787,299,40389,9843,1351099,534318,2021-05-03
180374,Kerala,KL,Pathanamthitta,1195537,193406,1076,184979,306034,1048352,677224,2021-05-04
417609,Uttar Pradesh,UP,Unnao,3110595,15011,254,14757,298886,1554190,420513,2021-05-07
355417,Tamil Nadu,TN,Nilgiris,735071,33566,212,33164,45839,501986,343811,2021-05-09
215735,Manipur,MN,Kakching,135481,0,0,0,0,84702,49653,2021-05-11
439037,West Bengal,WB,Purulia,2927965,19419,113,19283,0,1679941,492310,2021-05-12
128410,Haryana,HR,Sonipat,1480080,47138,254,46884,238963,989125,411915,2021-05-12
263380,Nagaland,NL,Phek,163294,601,18,568,2779,31241,20746,2021-05-12
268673,Odisha,OR,Boudh,439917,12634,112,12488,496,259325,92297,2021-05-13
193953,Maharashtra,MH,Mumbai,12442373,756749,16247,733318,2789713,9115615,5564204,2021-05-13
164611,Karnataka,KA,Haveri,1598506,21947,644,21301,11714,999178,383705,2021-05-14
262235,Nagaland,NL,Mon,259604,1159,14,1124,12278,70054,48331,2021-05-15
413975,Uttar Pradesh,UP,Shamli,1274815,12976,45,12931,246597,604968,206438,2021-05-15
59464,Bihar,BR,Nawada,2216653,10353,178,10174,322514,1062349,274319,2021-05-16
336641,Telangana,TG,Nirmal,709415,0,0,0,0,378315,130107,2021-05-17
101992,Gujarat,GJ,Navsari,1330711,7215,24,7181,129099,948673,647484,2021-05-17
245847,Madhya Pradesh,MP,Sehore,1311008,10136,73,10057,45061,909045,396375,2021-05-18
19244,Arunachal Pradesh,AR,Namsai,95950,2124,17,2102,19987,63539,47104,2021-05-19
74228,Chhattisgarh,CT,Gariaband,597653,19701,194,19506,2096,293987,99137,2021-05-19
406695,Uttar Pradesh,UP,Mirzapur,2494533,11088,116,10972,312764,1335308,462157,2021-05-19
375740,Uttar Pradesh,UP,Amroha,1838771,16616,203,16412,254038,871164,265607,2021-05-21
19246,Arunachal Pradesh,AR,Namsai,95950,2124,17,2102,19987,63539,47104,2021-05-21
299784,Rajasthan,RJ,Ajmer,2584913,37769,410,37352,261215,1752308,1042482,2021-05-21
308906,Rajasthan,RJ,Evacuees,1388906,61,0,61,0,0,0,2021-05-23
316813,Rajasthan,RJ,Other State,3309234,189,39,150,0,0,0,2021-05-26
270472,Odisha,OR,Dhenkanal,1192948,19871,243,19598,179477,738406,282859,2021-05-27
212816,Manipur,MN,Chandel,144028,0,0,0,0,26634,15197,2021-05-27
362080,Tamil Nadu,TN,Thiruvallur,3725697,119370,1842,117138,67948,1425728,563426,2021-05-28
241721,Madhya Pradesh,MP,Raigarh,1016028,1,0,0,0,0,0,2021-05-29
281780,Odisha,OR,Sambalpur,1044410,31651,240,31315,2007,768989,418110,2021-05-30
112099,Himachal Pradesh,HP,Kullu,437474,9692,158,9496,12012,351261,203549,2021-05-30
41274,Assam,AS,Nalbari,769919,0,0,0,0,483076,168392,2021-05-31
249997,Madhya Pradesh,MP,Singrauli,1178132,8801,82,8706,0,740335,224966,2021-05-31
394567,Uttar Pradesh,UP,Hardoi,4091380,13755,349,13406,224784,1852490,537647,2021-05-31
193370,Maharashtra,MH,Latur,2455543,92133,2437,89608,0,1182476,507616,2021-06-01
83714,Chhattisgarh,CT,Surajpur,660280,29029,224,28805,1830,419247,163526,2021-06-02
34896,Assam,AS,Hojai,931218,0,0,0,0,602504,274035,2021-06-02
312564,Rajasthan,RJ,Jalore,1830151,10067,72,9995,184172,987519,393953,2021-06-02
157408,Karnataka,KA,Bengaluru Rural,987257,62005,890,61073,240277,700825,385704,2021-06-04
100235,Gujarat,GJ,Mehsana,2027727,24419,177,24242,229904,1405786,869969,2021-06-05
202404,Maharashtra,MH,Sindhudurg,848868,52783,1434,50987,0,524896,279051,2021-06-05
173664,Karnataka,KA,Yadgir,1172985,27545,207,27337,221485,708887,348094,2021-06-06
93133,Gujarat,GJ,Botad,656005,2218,42,2176,98559,378232,228691,2021-06-07
406107,Uttar Pradesh,UP,Meerut,3447405,69480,898,68567,798404,1764744,842448,2021-06-07
395790,Uttar Pradesh,UP,Jalaun,1670718,11687,202,11482,221719,819651,251406,2021-06-09
6402,Andhra Pradesh,AP,Other State,4046601,2461,0,2461,0,0,0,2021-06-09
61844,Bihar,BR,Saharsa,1897102,17616,134,17482,356327,995618,366567,2021-06-09
121764,Haryana,HR,Kaithal,1072861,11244,346,10898,11687,615168,217439,2021-06-12
218702,Manipur,MN,Senapati,354772,0,0,0,0,28247,18288,2021-06-12
353640,Tamil Nadu,TN,Mayiladuthurai,901000,23280,316,22878,0,0,0,2021-06-13
147184,Jammu and Kashmir,JK,Jammu,1526406,53324,1145,52145,0,1168448,610537,2021-06-14
388512,Uttar Pradesh,UP,Farrukhabad,1887577,10348,194,10153,231856,833824,229745,2021-06-15
285990,Punjab,PB,Faridkot,618008,13927,315,13602,23635,330654,128653,2021-06-16
18696,Arunachal Pradesh,AR,Lower Subansiri,82839,3036,15,3015,10564,26916,18827,2021-06-18
304069,Rajasthan,RJ,Bhilwara,2410459,29781,156,29625,148764,1525323,723691,2021-06-19
258826,Mizoram,MZ,Serchhip,64875,4210,10,3646,0,41932,36047,2021-06-19
102619,Gujarat,GJ,Other State,1330711,162,3,159,108,0,0,2021-06-21
200012,Maharashtra,MH,Raigad,2635394,195958,4551,190759,304088,1859507,774913,2021-06-21
63035,Bihar,BR,Saran,3943098,23278,255,23020,761473,1868014,736766,2021-06-22
12342,Arunachal Pradesh,AR,Changlang,147951,3807,22,3780,23861,88857,55361,2021-06-22
48900,Bihar,BR,Bhojpur,2720155,10210,159,10051,466438,1291186,382719,2021-06-23
356671,Tamil Nadu,TN,Pudukkottai,1918725,30183,416,29627,20835,827320,314780,2021-06-24
262850,Nagaland,NL,Peren,163294,920,6,897,5717,19956,12514,2021-06-25
70122,Chhattisgarh,CT,Bametara,197035,19963,236,19726,3113,405388,132925,2021-06-26
356069,Tamil Nadu,TN,Perambalur,564511,12067,243,11790,7981,326872,136491,2021-06-26
324502,Telangana,TG,Adilabad,708952,0,0,0,0,376263,89337,2021-06-27
272884,Odisha,OR,Jajpur,1826275,43735,172,43461,53956,1087735,383313,2021-06-28
86104,Dadra and Nagar Haveli and Daman and Diu,DN,Dadra and Nagar Haveli,343709,5920,3,5910,44813,387772,183553,2021-06-28
102626,Gujarat,GJ,Other State,1330711,162,3,159,108,0,0,2021-06-28
104404,Gujarat,GJ,Porbandar,586062,3486,19,3467,97912,419364,256377,2021-06-30
179818,Kerala,KL,Palakkad,2810892,373839,2881,364351,226562,1989222,950909,2021-06-30
292627,Punjab,PB,Pathankot,626154,18814,419,18373,29112,424889,196822,2021-07-01
431365,West Bengal,WB,Jalpaiguri,3869675,41982,572,41256,0,1144138,410719,2021-07-01
211114,Meghalaya,ML,West Jaintia Hills,270352,6803,133,6642,0,84529,47646,2021-07-05
33769,Assam,AS,Golaghat,1058674,0,0,0,0,711564,306745,2021-07-05
158041,Karnataka,KA,Bengaluru Urban,9588910,1251872,16281,1229059,6883888,9219875,5903791,2021-07-05
233485,Madhya Pradesh,MP,Hoshangabad,1240975,10688,99,10570,46294,865566,369945,2021-07-06
363931,Tamil Nadu,TN,Tiruchirappalli,2713858,77534,1059,76038,92586,1468456,636356,2021-07-06
266942,Odisha,OR,Balasore,2317419,40787,299,40389,9843,1351099,534318,2021-07-06
356079,Tamil Nadu,TN,Perambalur,564511,12067,243,11790,7981,326872,136491,2021-07-06
177373,Kerala,KL,Kollam,2629703,390872,2451,383923,0,1951077,1047951,2021-07-07
71317,Chhattisgarh,CT,Bijapur,229832,8324,55,8263,1239,103247,44245,2021-07-07
357893,Tamil Nadu,TN,Ramanathapuram,1337560,20564,357,20158,23389,660673,280037,2021-07-08
58928,Bihar,BR,Nalanda,2872523,23432,468,22964,591346,1393762,638181,2021-07-08
65997,Bihar,BR,Supaul,2228397,17222,129,17093,456511,1069993,369925,2021-07-09
197623,Maharashtra,MH,Other State,1660311,144,111,31,0,0,0,2021-07-10
350044,Tamil Nadu,TN,Kallakurichi,1370281,31364,210,31056,28314,696213,299822,2021-07-11
20453,Arunachal Pradesh,AR,Papum Pare,176385,18316,98,18212,41960,141168,100258,2021-07-11
292638,Punjab,PB,Pathankot,626154,18814,419,18373,29112,424889,196822,2021-07-12
212275,Manipur,MN,Bishnupur,240363,0,0,0,0,128902,64791,2021-07-12
423646,Uttarakhand,UT,Pithoragarh,485993,10260,181,9962,72686,318644,183765,2021-07-12
266948,Odisha,OR,Balasore,2317419,40787,299,40389,9843,1351099,534318,2021-07-12
57754,Bihar,BR,Munger,1359054,15111,158,14953,325212,707588,264665,2021-07-12
2842,Andhra Pradesh,AP,Chittoor,4170468,246935,1947,244144,780322,2832987,1807873,2021-07-13
362731,Tamil Nadu,TN,Thiruvarur,1268094,41461,442,40760,67445,630274,246969,2021-07-14
30878,Assam,AS,Dhemaji,688077,0,0,0,0,431792,184251,2021-07-14
411002,Uttar Pradesh,UP,Rampur,2335398,11826,148,11676,274288,989666,250420,2021-07-16
311392,Rajasthan,RJ,Jaipur,6663971,187804,1970,185816,968783,4582410,2189042,2021-07-16
22193,Arunachal Pradesh,AR,Tawang,49950,2577,20,2533,14224,29553,23287,2021-07-17
210559,Meghalaya,ML,West Garo Hills,642923,9027,72,8943,0,209662,119725,2021-07-17
123620,Haryana,HR,Mahendragarh,921680,21689,155,21534,143253,576527,264911,2021-07-17
191611,Maharashtra,MH,Jalgaon,4224442,139934,2714,137178,429198,2085101,699544,2021-07-18
386724,Uttar Pradesh,UP,Deoria,3098637,20223,220,20003,304520,1597034,537293,2021-07-18
55995,Bihar,BR,Lakhisarai,1000717,7776,102,7674,332434,461970,138407,2021-07-20
287832,Punjab,PB,Ferozepur,2026831,14347,504,13832,74880,476343,128043,2021-07-22
32628,Assam,AS,Dima Hasao,213529,0,0,0,0,116318,62593,2021-07-24
242369,Madhya Pradesh,MP,Raisen,1331699,9238,194,9030,44343,885585,333022,2021-07-25
191016,Maharashtra,MH,Hingoli,1178973,18475,506,17949,6797,537442,201000,2021-07-25
202454,Maharashtra,MH,Sindhudurg,848868,52783,1434,50987,0,524896,279051,2021-07-25
43070,Assam,AS,South Salmara Mankachar,555114,0,0,0,0,239906,76599,2021-07-26
130252,Jharkhand,JH,Chatra,1042304,6033,53,5977,0,454807,126700,2021-07-26
129673,Jharkhand,JH,Bokaro,2061918,19461,286,19170,11798,994497,333330,2021-07-27
6451,Andhra Pradesh,AP,Other State,4046601,2461,0,2461,0,0,0,2021-07-28
119382,Haryana,HR,Gurugram,1514085,181428,922,180454,742619,2193114,1377160,2021-07-28
36693,Assam,AS,Kamrup Metropolitan,1260419,0,0,0,0,1246239,875897,2021-07-29
411623,Uttar Pradesh,UP,Saharanpur,3464228,32730,420,32309,266387,1638111,576986,2021-07-30
321742,Rajasthan,RJ,Udaipur,3067549,56405,753,55652,251522,1715072,854773,2021-07-30
214643,Manipur,MN,Imphal West,514683,0,0,0,0,308782,199404,2021-08-01
106804,Gujarat,GJ,Surendranagar,1755873,8121,136,7985,201153,1113845,715931,2021-08-01
224055,Madhya Pradesh,MP,Balaghat,1701156,9100,64,9017,9654,1278183,549643,2021-08-01
10649,Andhra Pradesh,AP,Y.S.R. Kadapa,2884524,115623,644,114904,671761,1824032,1328711,2021-08-02
183801,Lakshadweep,LD,Lakshadweep,64473,10365,51,10270,263541,55129,45951,2021-08-03
195240,Maharashtra,MH,Nanded,3356566,90409,2658,87721,117319,1560558,560812,2021-08-04
158071,Karnataka,KA,Bengaluru Urban,9588910,1251872,16281,1229059,6883888,9219875,5903791,2021-08-04
14121,Arunachal Pradesh,AR,Kamle,22256,512,0,512,1385,6946,3874,2021-08-06
344030,Telangana,TG,Yadadri Bhuvanagiri,726465,0,0,0,0,463854,223506,2021-08-06
377031,Uttar Pradesh,UP,Ayodhya,2468371,16919,290,16629,376735,1270889,418182,2021-08-06
281849,Odisha,OR,Sambalpur,1044410,31651,240,31315,2007,768989,418110,2021-08-07
26845,Assam,AS,Barpeta,1693190,0,0,0,0,1095048,448006,2021-08-10
139547,Jharkhand,JH,Palamu,1936319,12294,110,12184,0,788026,311074,2021-08-10
404957,Uttar Pradesh,UP,Mathura,2541894,20297,402,19893,198379,1207578,418117,2021-08-10
87876,Goa,GA,North Goa,817761,0,0,0,0,600586,424066,2021-08-11
227020,Madhya Pradesh,MP,Burhanpur,756993,2568,39,2529,13040,493618,220909,2021-08-11
308986,Rajasthan,RJ,Evacuees,1388906,61,0,61,0,0,0,2021-08-11
116969,Haryana,HR,Bhiwani,1629109,22409,652,21757,176225,741251,317765,2021-08-12
219940,Manipur,MN,Tengnoupal,140143,0,0,0,0,26209,12163,2021-08-15
2875,Andhra Pradesh,AP,Chittoor,4170468,246935,1947,244144,780322,2832987,1807873,2021-08-15
107411,Gujarat,GJ,Tapi,806489,4441,24,4417,92524,527345,303297,2021-08-16
214659,Manipur,MN,Imphal West,514683,0,0,0,0,308782,199404,2021-08-17
317504,Rajasthan,RJ,Pali,2038533,27324,287,27037,179463,1200554,513058,2021-08-17
143636,Jammu and Kashmir,JK,Anantnag,1070144,16603,205,16378,0,759605,402717,2021-08-17
21068,Arunachal Pradesh,AR,Shi Yomi,13310,262,0,261,2169,6910,5663,2021-08-17
108005,Gujarat,GJ,Vadodara,3639775,78159,788,77335,695670,2612578,1940514,2021-08-18
381900,Uttar Pradesh,UP,Bareilly,4465344,44028,377,43650,465209,2221830,749751,2021-08-19
437949,West Bengal,WB,Purba Bardhaman,4835532,42005,198,41588,0,2596246,859528,2021-08-20
250080,Madhya Pradesh,MP,Singrauli,1178132,8801,82,8706,0,740335,224966,2021-08-22
79060,Chhattisgarh,CT,Mahasamund,1032275,31365,365,31000,2183,738333,428365,2021-08-23
94396,Gujarat,GJ,Dahod,2126558,9955,38,9917,218259,1499052,631818,2021-08-25
136082,Jharkhand,JH,Jamtara,790207,5599,61,5534,2880,381155,137216,2021-08-25
290275,Punjab,PB,Kapurthala,817668,17852,556,17294,38658,465285,187476,2021-08-26
83208,Chhattisgarh,CT,Sukma,249000,8066,20,8041,1723,134654,81437,2021-08-27
70777,Chhattisgarh,CT,Bastar,1302253,21066,188,20845,4522,443759,178775,2021-08-28
112787,Himachal Pradesh,HP,Lahaul and Spiti,31528,2953,18,2935,540,31920,20986,2021-08-29
357946,Tamil Nadu,TN,Ramanathapuram,1337560,20564,357,20158,23389,660673,280037,2021-08-30
58394,Bihar,BR,Muzaffarpur,4778610,31398,621,30777,722651,2253919,717015,2021-09-01
347076,Tamil Nadu,TN,Coimbatore,3472578,246780,2416,243070,102107,2717202,1205484,2021-09-01
244181,Madhya Pradesh,MP,Rewa,2363744,16433,155,16270,22690,1639826,674779,2021-09-02
68414,Chhattisgarh,CT,Balod,826165,27278,396,26880,2749,537459,271570,2021-09-02
65464,Bihar,BR,Siwan,3318176,15195,170,15025,536438,1670590,684755,2021-09-03
54273,Bihar,BR,Katihar,3068149,18145,94,18051,556438,1451838,403046,2021-09-03
118205,Haryana,HR,Faridabad,1798954,99902,716,99157,504970,1658940,840997,2021-09-03
355534,Tamil Nadu,TN,Nilgiris,735071,33566,212,33164,45839,501986,343811,2021-09-03
90262,Gujarat,GJ,Anand,2090276,9637,49,9581,171851,1471865,935893,2021-09-04
414698,Uttar Pradesh,UP,Shrawasti,1114615,4388,35,4353,221566,515155,181654,2021-09-08
412877,Uttar Pradesh,UP,Sant Kabir Nagar,1714300,8159,98,8061,292606,799506,195105,2021-09-08
257150,Mizoram,MZ,Mamit,85757,4854,12,4448,0,43678,28873,2021-09-09
1118,Andaman and Nicobar Islands,AN,North and Middle Andaman,105597,0,0,0,0,78945,59522,2021-09-10
80262,Chhattisgarh,CT,Narayanpur,140206,4019,14,4005,804,53032,19468,2021-09-10
82631,Chhattisgarh,CT,Rajnandgaon,1537520,56077,515,55557,124947,1028876,530711,2021-09-11
283075,Odisha,OR,Subarnapur,652107,13187,61,13115,0,418336,192102,2021-09-12
432628,West Bengal,WB,Kalimpong,251642,7036,54,6950,0,180713,124420,2021-09-14
284878,Punjab,PB,Barnala,596294,5950,244,5696,63447,328464,104197,2021-09-16
230011,Madhya Pradesh,MP,Dewas,1563107,7723,51,7672,96155,1005266,477219,2021-09-16
212929,Manipur,MN,Chandel,144028,0,0,0,0,26634,15197,2021-09-17
412280,Uttar Pradesh,UP,Sambhal,2217020,9438,106,9331,309333,893786,204352,2021-09-18
362797,Tamil Nadu,TN,Thiruvarur,1268094,41461,442,40760,67445,630274,246969,2021-09-18
198898,Maharashtra,MH,Parbhani,1835982,52362,1233,51078,110937,905874,378183,2021-09-19
71983,Chhattisgarh,CT,Bilaspur,1961922,65681,1210,64448,9823,1031494,525066,2021-09-19
257161,Mizoram,MZ,Mamit,85757,4854,12,4448,0,43678,28873,2021-09-20
323433,Sikkim,SK,South Sikkim,146742,0,0,0,0,121481,105432,2021-09-21
223515,Madhya Pradesh,MP,Ashoknagar,844979,3670,57,3613,55792,550087,186066,2021-09-21
432041,West Bengal,WB,Jhargram,1136548,12135,27,12063,0,714456,211586,2021-09-21
242427,Madhya Pradesh,MP,Raisen,1331699,9238,194,9030,44343,885585,333022,2021-09-21
373437,Uttar Pradesh,UP,Agra,4380793,25765,457,25308,491361,2172907,746386,2021-09-23
205524,Maharashtra,MH,Yavatmal,2775457,75967,1798,74159,141551,1211321,496306,2021-09-23
153908,Jammu and Kashmir,JK,Shopiyan,265960,5607,58,5549,0,203036,95122,2021-09-24
275948,Odisha,OR,Kendujhar,1802777,20980,175,20798,474504,1087285,376311,2021-09-25
120048,Haryana,HR,Hisar,1742815,53995,1136,52857,322039,994213,332162,2021-09-25
32692,Assam,AS,Dima Hasao,213529,0,0,0,0,116318,62593,2021-09-26
44872,Assam,AS,West Karbi Anglong,300320,0,0,0,0,127612,42942,2021-09-26
59597,Bihar,BR,Nawada,2216653,10353,178,10174,322514,1062349,274319,2021-09-26
359786,Tamil Nadu,TN,Sivaganga,1341250,20195,206,19854,25824,726010,287468,2021-09-27
381335,Uttar Pradesh,UP,Barabanki,3257983,19850,225,19624,147422,1589704,448292,2021-09-30
21691,Arunachal Pradesh,AR,Siang,31920,411,3,408,4270,14408,9068,2021-10-01
380729,Uttar Pradesh,UP,Banda,1799541,10992,158,10832,303185,795903,236840,2021-10-01
364623,Tamil Nadu,TN,Tirunelveli,1665253,49374,432,48812,54208,815687,275985,2021-10-02
325818,Telangana,TG,Hyderabad,3441992,0,0,0,0,3150245,1893217,2021-10-03
258932,Mizoram,MZ,Serchhip,64875,4210,10,3646,0,41932,36047,2021-10-03
72589,Chhattisgarh,CT,Dakshin Bastar Dantewada,533638,10840,25,10809,1168,158243,80855,2021-10-03
249532,Madhya Pradesh,MP,Sidhi,1126515,9219,87,9132,4660,679862,226632,2021-10-04
87931,Goa,GA,North Goa,817761,0,0,0,0,600586,424066,2021-10-05
54306,Bihar,BR,Katihar,3068149,18145,94,18051,556438,1451838,403046,2021-10-06
399552,Uttar Pradesh,UP,Kasganj,1438156,4250,53,4197,271969,608818,147948,2021-10-07
345904,Tamil Nadu,TN,Chengalpattu,2556244,171777,2506,168327,51771,1337641,604784,2021-10-07
436217,West Bengal,WB,Other State,10082852,66,3,63,0,0,0,2021-10-09
365841,Tamil Nadu,TN,Tiruppur,2471222,95405,979,93683,36301,1671392,611015,2021-10-12
76151,Chhattisgarh,CT,Jashpur,852043,27093,212,26867,2542,435884,182747,2021-10-13
240676,Madhya Pradesh,MP,Niwari,825958,3715,48,3654,22574,0,0,2021-10-13
277159,Odisha,OR,Koraput,1376934,19137,78,19044,1401,860773,399063,2021-10-16
139035,Jharkhand,JH,Pakur,899200,2552,12,2539,6429,378048,108941,2021-10-17
179927,Kerala,KL,Palakkad,2810892,373839,2881,364351,226562,1989222,950909,2021-10-17
244228,Madhya Pradesh,MP,Rewa,2363744,16433,155,16270,22690,1639826,674779,2021-10-19
26916,Assam,AS,Barpeta,1693190,0,0,0,0,1095048,448006,2021-10-20
365850,Tamil Nadu,TN,Tiruppur,2471222,95405,979,93683,36301,1671392,611015,2021-10-21
188696,Maharashtra,MH,Chandrapur,2194262,88968,1560,87387,199809,1335017,458690,2021-10-21
378929,Uttar Pradesh,UP,Bahraich,2384239,11549,178,11371,308225,1752196,642554,2021-10-22
270621,Odisha,OR,Dhenkanal,1192948,19871,243,19598,179477,738406,282859,2021-10-23
357397,Tamil Nadu,TN,Railway Quarantine,1918725,428,0,428,0,0,0,2021-10-24
371139,Tripura,TR,Sipahijala,484233,6360,75,6273,53067,330932,211903,2021-10-24
319396,Rajasthan,RJ,Sawai Madhopur,1338114,10618,61,10557,84683,756544,347992,2021-10-24
17669,Arunachal Pradesh,AR,Lower Dibang Valley,53986,2426,11,2397,12169,32639,22089,2021-10-25
435046,West Bengal,WB,Nadia,5168488,73333,859,72054,0,2798942,884320,2021-10-26
43162,Assam,AS,South Salmara Mankachar,555114,0,0,0,0,239906,76599,2021-10-26
74981,Chhattisgarh,CT,Gaurela Pendra Marwahi,597653,12011,146,11864,273,189474,79788,2021-10-27
107484,Gujarat,GJ,Tapi,806489,4441,24,4417,92524,527345,303297,2021-10-28
169594,Karnataka,KA,Raichur,1924773,39973,331,39641,21011,1021603,448501,2021-10-28
41424,Assam,AS,Nalbari,769919,0,0,0,0,483076,168392,2021-10-28
354986,Tamil Nadu,TN,Namakkal,1721179,52245,498,51253,24758,987830,397079,2021-10-29
212972,Manipur,MN,Chandel,144028,0,0,0,0,26634,15197,2021-10-30
59631,Bihar,BR,Nawada,2216653,10353,178,10174,322514,1062349,274319,2021-10-30
